antecedent,consequent,support_count,support,confidence,lift,interest
"{HERB MARKER PARSLEY, HERB MARKER THYME}",{HERB MARKER ROSEMARY},203,0.01027,0.9531,78.492,0.9409
"{HERB MARKER BASIL, HERB MARKER THYME}",{HERB MARKER ROSEMARY},200,0.01012,0.9524,78.437,0.9402
"{HERB MARKER PARSLEY, HERB MARKER ROSEMARY}",{HERB MARKER THYME},203,0.01027,0.9442,78.746,0.9322
"{REGENCY TEA PLATE PINK, REGENCY TEA PLATE ROSES}",{REGENCY TEA PLATE GREEN},255,0.0129,0.948,49.179,0.9287
"{HERB MARKER BASIL, HERB MARKER ROSEMARY}",{HERB MARKER THYME},200,0.01012,0.9346,77.945,0.9226
{HERB MARKER THYME},{HERB MARKER ROSEMARY},221,0.01118,0.9325,76.798,0.9203
{HERB MARKER ROSEMARY},{HERB MARKER THYME},221,0.01118,0.9208,76.798,0.9088
"{HERB MARKER ROSEMARY, HERB MARKER THYME}",{HERB MARKER PARSLEY},203,0.01027,0.9186,76.286,0.9065
"{WOODEN HEART CHRISTMAS SCANDINAVIAN, WOODEN TREE CHRISTMAS SCANDINAVIAN}",{WOODEN STAR CHRISTMAS SCANDINAVIAN},231,0.01169,0.9277,35.815,0.9018
"{REGENCY TEA PLATE GREEN, REGENCY TEA PLATE PINK}",{REGENCY TEA PLATE ROSES},255,0.0129,0.9173,40.743,0.8948
