algorithm,min_count,n_buckets,passes,frequent_items,apriori_candidate_pairs,occurring_frequent_item_pairs,candidate_pairs,frequent_buckets_pct,frequent_buckets_pct_table2,avg_bucket_count,frequent_pairs,false_positive_candidates,memory_pass2_bytes,seconds,candidates_vs_apriori_pct,apriori_seconds
PCY,198,10000,2,824,339076,337984,337984,100.0,,2800.3,902,337082,4057058,0.877,99.68,1.435
Multistage,198,20000,3,824,339076,337984,337984,100.0,100.0,2800.3,902,337082,4058308,1.408,99.68,1.435
Multihash,198,10000,2,824,339076,337984,337984,100.0,100.0,5600.6,902,337082,4057058,1.154,99.68,1.435
PCY,198,100000,2,824,339076,337984,311700,85.32,,280.0,902,310798,3752900,0.889,91.93,1.435
Multistage,198,200000,3,824,339076,337984,41973,85.32,7.93,280.0,902,41071,528676,1.194,12.38,1.435
Multihash,198,100000,2,824,339076,337984,337984,100.0,100.0,560.1,902,337082,4068308,1.187,99.68,1.435
PCY,198,300000,2,824,339076,337984,27364,3.36,,93.3,902,26462,365868,0.617,8.07,1.435
Multistage,198,600000,3,824,339076,337984,1129,3.36,0.33,93.3,902,227,88548,1.023,0.33,1.435
Multihash,198,300000,2,824,339076,337984,95948,36.97,37.22,186.7,902,95046,1188876,1.072,28.3,1.435
PCY,198,1000000,2,824,339076,337984,2352,0.16,,28.0,902,1450,153224,0.568,0.69,1.435
Multistage,198,2000000,3,824,339076,337984,904,0.16,0.09,28.0,902,2,260848,0.979,0.27,1.435
Multihash,198,1000000,2,824,339076,337984,1970,0.69,0.79,56.0,902,1068,148640,0.869,0.58,1.435
PCY,198,4000000,2,824,339076,337984,1065,0.02,,7.0,902,163,512780,0.605,0.31,1.435
Multistage,198,8000000,3,824,339076,337984,902,0.02,0.02,7.0,902,0,1010824,1.06,0.27,1.435
Multihash,198,4000000,2,824,339076,337984,1017,0.06,0.08,14.0,902,115,512204,0.894,0.3,1.435
