StockCode,Description,Rows
21175,GIN + TONIC DIET METAL SIGN,812
21166,COOK WITH WINE METAL SIGN,728
84692,BOX OF 24 COCKTAIL PARASOLS,590
21874,GIN AND TONIC MUG,295
21519,GIN & TONIC DIET GREETING CARD,246
21592,RETROSPOT CIGAR BOX MATCHES,223
21591,COSY HOUR CIGAR BOX MATCHES,153
23121,PACK OF 6 COCKTAIL PARASOL STRAWS,116
23123,COCKTAIL SWORDS 50 PIECES,95
21520,BOOZE & WOMEN GREETING CARD,58
79163,BLACK CHAMPAGNE GLASS,35
79164,BLACK WINE GLASS,20
72801G,4 BURGUNDY WINE DINNER CANDLES,13
84597C,RETRO PINK BALL ASHTRAY,13
47013C,WINE BOTTLE DRESSING DARK BLUE,12
20823,GOLD WINE GOBLET,8
35443,RASTA IN BATH W SPLIFF ASHTRAY,6
84597B,RETRO BROWN BALL ASHTRAY,5
47013A,WINE BOTTLE DRESSING LT.BLUE,4
79062D,"RETRO TIN ASHTRAY,REVOLUTIONARY",4
DCGS0003,BOXED GLASS ASHTRAY,4
84206C,CHAMPAGNE TRAY BLANK CARD,2
